frame,timestamp_sec,Cheetah,Crocodile,Deer,Elephant,Leopard,Squirrel,Tiger,Zebra
1,0.02,,,,4,,,,
2,0.03,,,,4,,,,
3,0.05,,,,5,,,,
4,0.07,,,,5,,,,
5,0.08,,,,5,,,,
6,0.1,,,,5,,,,
7,0.12,,,,5,,,,
8,0.13,,,,5,,,,
9,0.15,,,,5,,,,
10,0.17,,,,5,,,,
11,0.18,,,,5,,,,
12,0.2,,,,5,,,,
13,0.22,,,,5,,,,
14,0.23,,,,5,,,,
15,0.25,,,,6,,,,
16,0.27,,,,4,,,,
17,0.28,,,,5,,,,
18,0.3,,,,6,,,,
19,0.32,,,,4,,,,
20,0.33,,,,5,,,,
21,0.35,,,,5,,,,
22,0.37,,,,5,,,,
23,0.38,,,,5,,,,
24,0.4,,,,5,,,,
25,0.42,,,,5,,,,
26,0.43,,,,5,,,,
27,0.45,,,,5,,,,
28,0.47,,,,4,,,,
29,0.48,,,,4,,,,
30,0.5,,,,4,,,,
31,0.52,,,,4,,,,
32,0.53,,,,4,,,,
33,0.55,,,,4,,,,
34,0.57,,,,4,,,,
35,0.58,,,,4,,,,
36,0.6,,,,4,,,,
37,0.62,,,,4,,,,
38,0.63,,,,5,,,,
39,0.65,,,,5,,,,
40,0.67,,,,5,,,,
41,0.68,,,,5,,,,
42,0.7,,,,5,,,,
43,0.72,,,,5,,,,
44,0.73,,,,5,,,,
45,0.75,,,,4,,,,
46,0.77,,,,4,,,,
47,0.78,,,,4,,,,
48,0.8,,,,4,,,,
49,0.82,,,,4,,,,
50,0.83,,,,4,,,,
51,0.85,,,,4,,,,
52,0.87,,,,4,,,,
53,0.88,,,,4,,,,
54,0.9,,,,4,,,,
55,0.92,,,,4,,,,
56,0.93,,,,4,,,,
57,0.95,,,,4,,,,
58,0.97,,,,4,,,,
59,0.98,,,,3,,,,
60,1.0,,,,3,,,,
61,1.02,,,,3,,,,
62,1.03,,,,4,,,,
63,1.05,,,,4,,,,
64,1.07,,,,4,,,,
65,1.08,,,,4,,,,
66,1.1,,,,4,,,,
67,1.12,,,,4,,,,
68,1.13,,,,4,,,,
69,1.15,,,,4,,,,
70,1.17,,,,4,,,,
71,1.18,,,,4,,,,
72,1.2,,,,4,,,,
73,1.22,,,,4,,,,
74,1.23,,,,3,,,,
75,1.25,,,,3,,,,
76,1.27,,,,4,,,,
77,1.28,,,,4,,,,
78,1.3,,,,4,,,,
79,1.32,,,,3,,,,
80,1.33,,,,3,,,,
81,1.35,,,,4,,,,
82,1.37,,,,4,,,,
83,1.38,,,,3,,,,
84,1.4,,,,3,,,,
85,1.42,,,,3,,,,
86,1.43,,,,4,,,,
87,1.45,,,,4,,,,
88,1.47,,,,3,,,,
89,1.48,,,,4,,,,
90,1.5,,,,4,,,,
91,1.52,,,,3,,,,
92,1.53,,,,3,,,,
93,1.55,,,,4,,,,
94,1.57,,,,4,,,,
95,1.58,,,,4,,,,
96,1.6,,,,4,,,,
97,1.62,,,,4,,,,
98,1.63,,,,4,,,,
99,1.65,,,,5,,,,
100,1.67,,,,5,,,,
101,1.68,,,,5,,,,
102,1.7,,,,5,,,,
103,1.72,,,,4,,,,
104,1.73,,,,3,,,,
105,1.75,,,,4,,,,
106,1.77,,,,5,,,,
107,1.78,,,,5,,,,
108,1.8,,,,5,,,,
109,1.82,,,,5,,,,
110,1.83,,,,5,,,,
111,1.85,,,,4,,,,
112,1.87,,,,3,,,,
113,1.88,,,,3,,,,
114,1.9,,,,3,,,,
115,1.92,,,,3,,,,
116,1.93,,,,3,,,,
117,1.95,,,,4,,,,
118,1.97,,,,4,,,,
119,1.98,,,,3,,,,
120,2.0,,,,3,,,,
121,2.02,,,,3,,,,
122,2.03,,,,3,,,,
123,2.05,,,,3,,,,
124,2.07,,,,3,,,,
125,2.08,,,,3,,,,
126,2.1,,,,3,,,,
127,2.12,,,,4,,,,
128,2.13,,,,4,,,,
129,2.15,,,,4,,,,
130,2.17,,,,4,,,,
131,2.18,,,,4,,,,
132,2.2,,,,4,,,,
133,2.22,,,,4,,,,
134,2.23,,,,5,,,,
135,2.25,,,,5,,,,
136,2.27,,,,4,,,,
137,2.28,,,,4,,,,
138,2.3,,,,4,,,,
139,2.32,,,,2,,,,
140,2.33,,,,2,,,,
141,2.35,,,,4,,,,
142,2.37,,,,4,,,,
143,2.38,,,,3,,,,
144,2.4,,,,3,,,,
145,2.42,,,,3,,,,
146,2.43,,,,3,,,,
147,2.45,,,,3,,,,
148,2.47,,,,3,,,,
149,2.48,,,,3,,,,
150,2.5,,,,3,,,,
151,2.52,,,,3,,,,
152,2.53,,,,3,,,,
153,2.55,,,,3,,,,
154,2.57,,,,3,,,,
155,2.58,,,,3,,,,
156,2.6,,,,3,,,,
157,2.62,,,,3,,,,
158,2.63,,,,3,,,,
159,2.65,,,,3,,,,
160,2.67,,,,3,,,,
161,2.68,,,,3,,,,
162,2.7,,,,3,,,,
163,2.72,,,,3,,,,
164,2.73,,,,3,,,,
165,2.75,,,,3,,,,
166,2.77,,,,3,,,,
167,2.78,,,,3,,,,
168,2.8,,,,3,,,,
169,2.82,,,,3,,,,
170,2.83,,,,4,,,,
171,2.85,,,,4,,,,
172,2.87,,,,4,,,,
173,2.88,,,,5,,,,
174,2.9,,,,5,,,,
175,2.92,,,,4,,,,
176,2.93,,,,4,,,,
177,2.95,,,,4,,,,
178,2.97,,,,4,,,,
179,2.98,,,,3,,,,
180,3.0,,,,3,,,,
181,3.02,,,,3,,,,
182,3.03,,,,2,,,,
183,3.05,,,,1,,,,
184,3.07,,,,4,,,,
185,3.08,,,,5,,,,
186,3.1,,,,5,,,,
187,3.12,,,,5,,,,
188,3.13,,,,5,,,,
189,3.15,,,,2,,,,
190,3.17,,,,3,,,,
191,3.18,,,,4,,,,
192,3.2,,,,4,,,,
193,3.22,,,,4,,,,
194,3.23,,,,4,,,,
195,3.25,,,,5,,,,
196,3.27,,,,2,,,,
197,3.28,,,,3,,,,
198,3.3,,,,3,,,,
199,3.32,,,,4,,,,
200,3.33,,,,4,,,,
201,3.35,,,,3,,,,
202,3.37,,,,3,,,,
203,3.38,,,,3,,,,
204,3.4,,,,3,,,,
205,3.42,,,,3,,,,
206,3.43,,,,3,,,,
207,3.45,,,,3,,,,
208,3.47,,,,3,,,,
209,3.48,,,,3,,,,
210,3.5,,,,3,,,,
211,3.52,,,,3,,,,
212,3.53,,,,3,,,,
213,3.55,,,,3,,,,
214,3.57,,,,3,,,,
215,3.58,,,,4,,,,
216,3.6,,,,4,,,,
217,3.62,,,,4,,,,
218,3.63,,,,3,,,,
219,3.65,,,,3,,,,
220,3.67,,,,4,,,,
221,3.68,,,,4,,,,
222,3.7,,,,4,,,,
223,3.72,,,,4,,,,
224,3.73,,,,4,,,,
225,3.75,,,,5,,,,
226,3.77,,,,5,,,,
227,3.78,,,,2,,,,
228,3.8,,,,2,,,,
229,3.82,,,,2,,,,
230,3.83,,,,3,,,,
231,3.85,,,,3,,,,
232,3.87,,,,2,,,,
233,3.88,,,,2,,,,
234,3.9,,,,2,,,,
235,3.92,,,,3,,,,
236,3.93,,,,3,,,,
237,3.95,,,,3,,,,
238,3.97,,,,3,,,,
239,3.98,,,,4,,,,
240,4.0,,,,4,,,,
241,4.02,,,,4,,,,
242,4.03,,,,5,,,,
243,4.05,,,,5,,,,
244,4.07,,,,4,,,,
245,4.08,,,,4,,,,
246,4.1,,,,4,,,,
247,4.12,,,,4,,,,
248,4.13,,,,4,,,,
249,4.15,,,,4,,,,
250,4.17,,,,4,,,,
251,4.18,,,,3,,,,
252,4.2,,,,3,,,,
253,4.22,,,,3,,,,
254,4.23,,,,3,,,,
255,4.25,,,,3,,,,
256,4.27,,,,4,,,,
257,4.28,,,,4,,,,
258,4.3,,,,4,,,,
259,4.32,,,,4,,,,
260,4.33,,,,4,,,,
261,4.35,,,,3,,,,
262,4.37,,,,3,,,,
263,4.38,,,,2,,,,
264,4.4,,,,2,,,,
265,4.42,,,,2,,,,
266,4.43,,,,4,,,,
267,4.45,,,,4,,,,
268,4.47,,,,4,,,,
269,4.48,,,,4,,,,
270,4.5,,,,4,,,,
271,4.52,,,,3,,,,
272,4.53,,,,4,,,,
273,4.55,,,,5,,,,
274,4.57,,,,4,,,,
275,4.58,,,,4,,,,
276,4.6,,,,4,,,,
277,4.62,,,,3,,,,
278,4.63,,,,3,,,,
279,4.65,,,,3,,,,
280,4.67,,,,2,,,,
281,4.68,,,,2,,,,
282,4.7,,,,2,,,,
283,4.72,,,,3,,,,
284,4.73,,,,3,,,,
285,4.75,,,,3,,,,
286,4.77,,,,3,,,,
287,4.78,,,,3,,,,
288,4.8,,,,3,,,,
289,4.82,,,,3,,,,
290,4.83,,,,4,,,,
291,4.85,,,,4,,,,
292,4.87,,,,4,,,,
293,4.88,,,,5,,,,
294,4.9,,,,5,,,,
295,4.92,,,,5,,,,
296,4.93,,,,5,,,,
297,4.95,,,,5,,,,
298,4.97,,,,5,,,,
299,4.98,,,,5,,,,
300,5.0,,,,5,,,,
301,5.02,,,,4,,,,
302,5.03,,,,4,,,,
303,5.05,,,,5,,,,
304,5.07,,,,6,,,,
305,5.08,,,,6,,,,
306,5.1,,,,6,,,,
307,5.12,,,,6,,,,
308,5.13,,,,6,,,,
309,5.15,,,,6,,,,
310,5.17,,,,6,,,,
311,5.18,,,,5,,,,
312,5.2,,,,5,,,,
313,5.22,,,,5,,,,
314,5.23,,,,5,,,,
315,5.25,,,,5,,,,
316,5.27,,,,5,,,,
317,5.28,,,,5,,,,
318,5.3,,,,5,,,,
319,5.32,,,,5,,,,
320,5.33,,,,5,,,,
321,5.35,,,,5,,,,
322,5.37,,,,5,,,,
323,5.38,,,,4,,,,
324,5.4,,,,4,,,,
325,5.42,,,,4,,,,
326,5.43,,,,4,,,,
327,5.45,,,,4,,,,
328,5.47,,,,5,,,,
329,5.48,,,,5,,,,
330,5.5,,,,5,,,,
331,5.52,,,,5,,,,
332,5.53,,,,5,,,,
333,5.55,,,,4,,,,
334,5.57,,,,4,,,,
335,5.58,,,,4,,,,
336,5.6,,,,4,,,,
337,5.62,,,,5,,,,
338,5.63,,,,5,,,,
339,5.65,,,,6,,,,
340,5.67,,,,5,,,,
341,5.68,,,,5,,,,
342,5.7,,,,5,,,,
343,5.72,,,,4,,,,
344,5.73,,,,4,,,,
345,5.75,,,,3,,,,
346,5.77,,,,4,,,,
347,5.78,,,,5,,,,
348,5.8,,,,5,,,,
349,5.82,,,,5,,,,
350,5.83,,,,5,,,,
351,5.85,,,,5,,,,
352,5.87,,,,5,,,,
353,5.88,,,,5,,,,
354,5.9,,,,5,,,,
355,5.92,,,,5,,,,
356,5.93,,,,5,,,,
357,5.95,,,,5,,,,
358,5.97,,,,5,,,,
359,5.98,,,,5,,,,
360,6.0,,,,5,,,,
361,6.02,,,,5,,,,
362,6.03,,,,4,,,,
363,6.05,,,,4,,,,
364,6.07,,,,3,,,,
365,6.08,,,,3,,,,
366,6.1,,,,2,,,,
367,6.12,,,,2,,,,
368,6.13,,,,2,,,,
369,6.15,,,,3,,,,
370,6.17,,,,3,,,,
371,6.18,,,,3,,,,
372,6.2,,,,3,,,,
373,6.22,,,,3,,,,
374,6.23,,,,3,,,,
375,6.25,,,,3,,,,
376,6.27,,,,3,,,,
377,6.28,,,,3,,,,
378,6.3,,,,3,,,,
379,6.32,,,,4,,,,
380,6.33,,,,4,,,,
381,6.35,,,,3,,,,
382,6.37,,,,3,,,,
384,6.4,,,,,,,1,
385,6.42,,,,,,,1,
386,6.43,,,,,,,1,
387,6.45,,,,,,,1,
388,6.47,,,,,,,1,
389,6.48,,,,,,,1,
390,6.5,,,,,,,1,
391,6.52,,,,,,,1,
392,6.53,,,,,,,1,
393,6.55,,,,,,,1,
394,6.57,,,,,,,1,
399,6.65,,,,,,,1,
400,6.67,,,,,,,1,
401,6.68,,,,,,,1,
402,6.7,,,,,,,1,
403,6.72,,,,,,,1,
404,6.73,,,,,,,1,
405,6.75,,,,,,,1,
406,6.77,,,,,,,1,
407,6.78,,,,,,,1,
408,6.8,,,,,,,1,
409,6.82,,,,,,,1,
410,6.83,,,,,,,1,
411,6.85,,,,,,,1,
412,6.87,,,,,,,1,
413,6.88,,,,,,,1,
414,6.9,,,,,,,1,
415,6.92,,,,,,,1,
416,6.93,,,,,,,1,
417,6.95,,,,,,,1,
418,6.97,,,,,,,1,
419,6.98,,,,,,,1,
420,7.0,,,,,,,1,
421,7.02,,,,,,,1,
422,7.03,,,,,,,1,
423,7.05,,,,,,,1,
424,7.07,,,,,,,1,
425,7.08,,,,,,,1,
426,7.1,,,,,,,1,
427,7.12,,,,,,,1,
428,7.13,,,,,,,1,
429,7.15,,,,,,,1,
430,7.17,,,,,,,1,
431,7.18,,,,,,,1,
432,7.2,,,,,,,1,
433,7.22,,,,,,,1,
434,7.23,,,,,,,1,
435,7.25,,,,,,,1,
436,7.27,,,,,,,1,
437,7.28,,,,,,,1,
438,7.3,,,,,,,1,
439,7.32,,,,,,,1,
440,7.33,,,,,,,1,
441,7.35,,,,,,,1,
442,7.37,,,,,,,1,
443,7.38,,,,,,,1,
444,7.4,,,,,,,1,
445,7.42,,,,,,,1,
446,7.43,,,,,,,1,
447,7.45,,,,,,,1,
448,7.47,,,,,,,1,
449,7.48,,,,,,,1,
450,7.5,,,,,,,1,
458,7.63,,,,,,,1,
459,7.65,,,,,,,1,
467,7.78,,,,,,,1,
468,7.8,,,,,,,1,
469,7.82,,,,,,,1,
472,7.87,,,,,,,1,
473,7.88,,,,,,,1,
474,7.9,,,,,,,1,
484,8.07,,,,,,,1,
485,8.08,,,,,,,1,
486,8.1,,,,,,,1,
487,8.12,,,,,,,1,
488,8.13,,,,,,,1,
519,8.65,,,,,,,1,
520,8.67,,,,,,,,1
521,8.68,,,,,,,,1
522,8.7,,,,,,,,1
523,8.72,,,,,,,,1
524,8.73,,,,,,,,1
525,8.75,,,,,,,,1
526,8.77,,,,,,,,1
527,8.78,,,,,,,,1
528,8.8,,,,,,,,1
529,8.82,,,,,,,,1
530,8.83,,,,,,,1,
531,8.85,,,,,,,1,
535,8.92,,,,,,,1,
536,8.93,,,,,,,1,
537,8.95,,,,,,,1,
538,8.97,,,,,,,1,
539,8.98,,,,,,,1,
540,9.0,,,,,,,1,
541,9.02,,,,,,,1,
542,9.03,,,,,,,1,
543,9.05,,,,,,,1,
544,9.07,,,,,,,1,
545,9.08,,,,,,,1,
546,9.1,,,,,,,1,
548,9.13,,,,,,,1,
549,9.15,,,,,,,1,
550,9.17,,,,,,,1,
561,9.35,,,,,,,,1
562,9.37,,,,,,,,1
566,9.43,,,,,,,1,
567,9.45,,,,,,,1,
594,9.9,,,,,,1,,
595,9.92,,,,,,1,,
601,10.02,,,,,,1,,
602,10.03,,,,,,1,,
629,10.48,,,,,,1,,
630,10.5,,,,,,1,,
631,10.52,,,,,,1,,
666,11.1,,,,,,,1,
667,11.12,,,,,,,1,
668,11.13,,,,,,,1,
669,11.15,,,,,,,1,
718,11.97,,1,,,,,,
724,12.07,,1,,,,,,
725,12.08,,1,,,,,,
799,13.32,1,,,,,,,
800,13.33,1,,,,,,,
801,13.35,1,,,,,,,
802,13.37,1,,,,1,,,
803,13.38,1,,,,1,,,
804,13.4,1,,,,1,,,
805,13.42,1,,,,1,,,
807,13.45,1,,,,,,,
808,13.47,1,,,,,,,
809,13.48,1,,,,,,,
810,13.5,1,,,,,,,
811,13.52,1,,,,,,,
812,13.53,1,,,,,,,
813,13.55,1,,,,,,,
814,13.57,1,,,,,,,
815,13.58,1,,,,,,,
816,13.6,1,,,,,,,
817,13.62,1,,,,,,,
818,13.63,1,,,,,,,
819,13.65,1,,,,,,,
820,13.67,1,,,,,,,
821,13.68,1,,,,,,,
822,13.7,1,,,,,,,
823,13.72,1,,,,,,,
824,13.73,1,,,,,,,
825,13.75,1,,,,,,,
826,13.77,1,,,,,,,
827,13.78,1,,,,,,,
828,13.8,1,,,,,,,
829,13.82,1,,,,1,,,
830,13.83,1,,,,,,,
831,13.85,1,,,,,,,
832,13.87,1,,,,,,,
833,13.88,1,,,,,,,
834,13.9,1,,,,,,,
835,13.92,1,,,,,,,
836,13.93,1,,,,,,,
837,13.95,1,,,,,,,
838,13.97,1,,,,,,,
839,13.98,1,,,,,,,
840,14.0,1,,,,1,,,
841,14.02,1,,,,1,,,
842,14.03,1,,,,,,,
843,14.05,1,,,,,,,
844,14.07,1,,,,,,,
845,14.08,1,,,,1,,,
846,14.1,1,,,,1,,,
847,14.12,1,,,,,,,
848,14.13,1,,,,,,,
849,14.15,1,,,,,,,
850,14.17,1,,,,,,,
851,14.18,1,,,,,,,
852,14.2,1,,,,,,,
853,14.22,1,,,,,,,
854,14.23,1,,,,,,,
855,14.25,1,,,,,,,
856,14.27,,,,,1,,,
857,14.28,,,,,1,,,
858,14.3,,,,,1,,,
861,14.35,1,,,,1,,,
862,14.37,1,,,,1,,,
863,14.38,1,,,,1,,,
864,14.4,1,,,,1,,,
865,14.42,1,,,,1,,,
866,14.43,1,,,,1,,,
867,14.45,1,,,,1,,,
868,14.47,,,,,1,,,
869,14.48,,,,,1,,,
870,14.5,,,,,1,,,
871,14.52,1,,,,,,,
872,14.53,1,,,,,,,
873,14.55,1,,,,,,,
874,14.57,1,,,,,,,
875,14.58,1,,,,,,,
876,14.6,1,,,,,,,
877,14.62,1,,,,1,,,
879,14.65,1,,,,,,,
880,14.67,1,,,,,,,
881,14.68,1,,,,,,,
882,14.7,1,,,,,,,
883,14.72,1,,,,,,,
884,14.73,1,,,,1,,,
886,14.77,1,,,,,,,
887,14.78,1,,,,,,,
888,14.8,1,,,,,,,
889,14.82,1,,,,1,,,
890,14.83,1,,,,1,,,
891,14.85,1,,,,1,,,
892,14.87,1,,,,1,,,
893,14.88,1,,,,1,,,
894,14.9,1,,,,1,,,
895,14.92,1,,,,1,,,
896,14.93,1,,,,1,,,
897,14.95,1,,,,1,,,
898,14.97,1,,,,1,,,
899,14.98,1,,,,1,,,
900,15.0,1,,,,1,,,
901,15.02,1,,,,1,,,
902,15.03,1,,,,1,,,
903,15.05,1,,,,1,,,
904,15.07,1,,,,,,,
905,15.08,1,,,,,,,
906,15.1,1,,,,,,,
907,15.12,1,,,,,,,
908,15.13,1,,,,,,,
909,15.15,1,,,,,,,
910,15.17,1,,,,,,,
911,15.18,1,,,,,,,
912,15.2,1,,,,,,,
913,15.22,1,,,,1,,,
915,15.25,1,,,,,,,
916,15.27,1,,,,,,,
917,15.28,1,,,,,,,
918,15.3,1,,,,,,,
919,15.32,1,,,,,,,
920,15.33,1,,,,,,,
921,15.35,1,,,,,,,
922,15.37,1,,,,,,,
923,15.38,1,,,,,,,
924,15.4,1,,,,,,,
925,15.42,1,,,,,,,
926,15.43,1,,,,,,,
927,15.45,1,,,,1,,,
928,15.47,1,,,,1,,,
929,15.48,1,,,,1,,,
930,15.5,1,,,,1,,,
931,15.52,1,,,,1,,,
932,15.53,1,,,,1,,,
933,15.55,1,,,,1,,,
934,15.57,1,,,,1,,,
935,15.58,1,,,,1,,,
936,15.6,1,,,,1,,,
937,15.62,1,,,,1,,,
939,15.65,1,,,,,,,
940,15.67,1,,,,1,,,
941,15.68,1,,,,1,,,
942,15.7,1,,,,1,,,
943,15.72,1,,,,1,,,
944,15.73,1,,,,1,,,
945,15.75,1,,,,1,,,
946,15.77,1,,,,1,,,
947,15.78,1,,,,1,,,
950,15.83,1,,,,1,,,
951,15.85,1,,,,1,,,
952,15.87,1,,,,1,,,
953,15.88,1,,,,1,,,
954,15.9,1,,,,1,,,
955,15.92,,,,,1,,,
956,15.93,,,,,1,,,
957,15.95,1,,,,,,,
958,15.97,1,,,,1,,,
959,15.98,1,,,,1,,,
960,16.0,1,,,,1,,,
961,16.02,1,,,,1,,,
962,16.03,1,,,,,,,
964,16.07,1,,,,,,,
965,16.08,1,,,,1,,,
966,16.1,1,,,,1,,,
967,16.12,1,,,,1,,,
968,16.13,1,,,,1,,,
970,16.17,1,,,,,,,
971,16.18,1,,,,,,,
972,16.2,1,,,,,,,
973,16.22,1,,,,,,,
974,16.23,1,,,,,,,
975,16.25,1,,,,,,,
979,16.32,1,,,,,,,
980,16.33,1,,,,1,,,
981,16.35,1,,,,,,,
982,16.37,1,,,,,,,
983,16.38,1,,,,,,,
984,16.4,1,,,,,,,
985,16.42,1,,,,,,,
986,16.43,1,,,,,,,
987,16.45,1,,,,,,,
988,16.47,1,,,,,,,
989,16.48,1,,,,,,,
990,16.5,1,,,,,,,
991,16.52,1,,,,,,,
992,16.53,1,,,,,,,
994,16.57,,,1,,,,,
995,16.58,,,1,,,,,
996,16.6,,,1,,,,,
997,16.62,,,2,,,,,
998,16.63,,,2,,,,,
999,16.65,,,2,,,,,
1000,16.67,,,2,,,,,
1001,16.68,,,2,,,,,
1002,16.7,,,1,,,,,
1003,16.72,,,1,,,,,
1004,16.73,,,1,,,,,
1005,16.75,,,1,,,,,
1006,16.77,,,1,,,,,
1007,16.78,,,1,,,,,
1008,16.8,,,1,,,,,
1009,16.82,,,1,,,,,
1010,16.83,,,1,,,,,
1011,16.85,,,1,,,,,
1012,16.87,,,1,,,,,
1013,16.88,,,1,,,,,
1014,16.9,,,1,,,,,
1015,16.92,,,1,,,,,
1016,16.93,,,1,,,,,
1017,16.95,,,1,,,,,
1018,16.97,,,1,,,,,
1019,16.98,,,1,,,,,
1020,17.0,,,1,,,,,
1021,17.02,,,1,,,,,
1022,17.03,,,1,,,,,
1023,17.05,,,1,,,,,
1024,17.07,,,1,,,,,
1025,17.08,,,1,,,,,
1026,17.1,,,1,,,,,
1027,17.12,,,1,,,,,
1028,17.13,,,1,,,,,
1029,17.15,,,1,,,,,
1030,17.17,,,1,,,,,
1038,17.3,,,1,,,,,
1039,17.32,,,1,,,,,
1040,17.33,,,1,,,,,
1041,17.35,,,1,,,,,
1042,17.37,,,1,,,,,
1043,17.38,,,1,,,,,
1044,17.4,,,1,,,,,
1045,17.42,,,1,,,,,
1046,17.43,,,1,,,,,
1047,17.45,,,1,,,,,
1048,17.47,1,,1,,,,,
1049,17.48,1,,1,,,,,
1050,17.5,,,1,,,,,
1051,17.52,,,1,,,,,
1052,17.53,,,1,,,,,
1053,17.55,,,1,,,,,
1054,17.57,,,1,,,,,
1055,17.58,,,1,,,,,
1056,17.6,,,1,,,,,
1057,17.62,1,,1,,,,,
1058,17.63,1,,1,,,,,
1059,17.65,1,,1,,,,,
1060,17.67,1,,1,,,,,
1061,17.68,1,,1,,,,,
1062,17.7,1,,1,,1,,,
1063,17.72,1,,1,,1,,,
1064,17.73,1,,1,,1,,,
1065,17.75,1,,1,,1,,,
1066,17.77,1,,1,,1,,,
1067,17.78,1,,1,,1,,,
1068,17.8,1,,1,,1,,,
1069,17.82,1,,1,,1,,,
1070,17.83,1,,1,,1,,,
1071,17.85,,,1,,,,,
1072,17.87,,,1,,1,,,
1073,17.88,,,1,,1,,,
1074,17.9,,,1,,1,,,
1075,17.92,,,1,,1,,,
1076,17.93,,,1,,,,,
1077,17.95,,,1,,,,,
1078,17.97,,,1,,,,,
1079,17.98,,,1,,,,,
1080,18.0,,,1,,,,,
1081,18.02,1,,1,,,,,
1082,18.03,1,,1,,,,,
1083,18.05,1,,1,,,,,
1084,18.07,1,,1,,1,,,
1085,18.08,1,,1,,1,,,
1086,18.1,,,1,,,,,
1087,18.12,1,,1,,,,,
1088,18.13,1,,,,,,,
1089,18.15,1,,,,,,,
1090,18.17,1,,,,,,,
1091,18.18,1,,,,,,,
1092,18.2,1,,,,,,,
1093,18.22,1,,,,,,,
1094,18.23,1,,,,,,,
1095,18.25,1,,,,,,,
1096,18.27,1,,,,,,,
1097,18.28,1,,,,,,,
1098,18.3,1,,,,,,,
1099,18.32,1,,,,1,,,
1100,18.33,1,,1,,1,,,
1101,18.35,1,,1,,1,,,
1102,18.37,1,,1,,1,,,
1103,18.38,1,,1,,1,,,
1104,18.4,1,,1,,1,,,
1105,18.42,1,,1,,1,,,
1106,18.43,1,,1,,1,,,
1107,18.45,1,,,,1,,,
1108,18.47,1,,,,1,,,
1109,18.48,1,,,,1,,,
1110,18.5,1,,1,,1,,,
1111,18.52,1,,1,,1,,,
1112,18.53,1,,1,,1,,,
1113,18.55,1,,1,,1,,,
1114,18.57,1,,1,,1,,,
1115,18.58,1,,1,,1,,,
1116,18.6,1,,1,,1,,,
1117,18.62,1,,1,,1,,,
1118,18.63,1,,1,,1,,,
1119,18.65,1,,1,,1,,,
1120,18.67,1,,1,,1,,,
1121,18.68,1,,1,,1,,,
1122,18.7,1,,1,,1,,,
1123,18.72,1,,1,,1,,,
1124,18.73,1,,,,1,,,
1125,18.75,1,,,,1,,,
1126,18.77,1,,,,1,,,
1127,18.78,1,,,,1,,,
1128,18.8,1,,,,1,,,
1129,18.82,1,,,,1,,,
1130,18.83,1,,,,1,,,
1131,18.85,1,,1,,1,,,
1132,18.87,1,,1,,1,,,
1133,18.88,1,,1,,1,,,
1135,18.92,1,,,,,,,
1141,19.02,,,,,1,,,
1142,19.03,,,,,1,,,
1155,19.25,,,,,1,,,
1156,19.27,,,,,1,,,
1157,19.28,,,,,1,,,
1179,19.65,1,,,,,,,
1180,19.67,1,,,,,,,
1181,19.68,1,,,,,,,
1184,19.73,1,,,,,,,
1185,19.75,1,,,,,,,
1186,19.77,1,,,,,,,
1187,19.78,1,,,,,,,
1188,19.8,1,,,,,,,
1189,19.82,1,,,,,,,
1190,19.83,1,,,,,,,
1194,19.9,1,,,,,,,
1195,19.92,1,,,,,,,
1196,19.93,1,,,,,,,
1197,19.95,1,,,,,,,
1198,19.97,1,,,,,,,
1199,19.98,1,,,,,,,
1200,20.0,1,,,,,,,
1201,20.02,1,,,,,,,
1202,20.03,1,,,,,,,
1203,20.05,1,,,,,,,
1204,20.07,1,,,,,,,
1205,20.08,1,,,,,,,
1206,20.1,1,,,,,,,
1207,20.12,1,,,,1,,,
1208,20.13,1,,,,1,,,
1209,20.15,1,,,,1,,,
1210,20.17,1,,,,1,,,
1211,20.18,1,,,,1,,,
1212,20.2,1,,,,1,,,
1213,20.22,1,,,,,,,
1214,20.23,1,,,,,,,
1215,20.25,1,,,,,,,
1216,20.27,1,,,,,,,
1217,20.28,1,,,,,,,
1218,20.3,1,,,,,,,
1219,20.32,1,,,,,,,
1220,20.33,1,,,,,,,
1221,20.35,1,,,,1,,,
1222,20.37,1,,,,1,,,
1224,20.4,1,,,,,,,
1225,20.42,1,,,,,,,
1226,20.43,1,,,,,,,
1227,20.45,1,,,,,,,
1228,20.47,1,,,,,,,
1229,20.48,1,,,,,,,
1230,20.5,1,,,,,,,
1231,20.52,1,,,,,,,
1249,20.82,1,,,,,,,
1250,20.83,1,,,,,,,
1251,20.85,1,,,,,,,
1252,20.87,1,,,,,,,
1253,20.88,1,,,,,,,
1254,20.9,1,,,,,,,
1255,20.92,1,,,,,,,
1256,20.93,1,,,,,,,
1257,20.95,1,,,,1,,,
1258,20.97,1,,,,1,,,
1259,20.98,1,,,,1,,,
1260,21.0,1,,,,1,,,
1261,21.02,1,,,,1,,,
1262,21.03,1,,,,1,,,
1275,21.25,1,,,,,,,
1276,21.27,1,,1,,,,,
1277,21.28,1,,1,,,,,
1278,21.3,,,1,,,,,
1279,21.32,,,1,,,,,
1280,21.33,,,1,,,,,
1281,21.35,,,1,,,,,
1282,21.37,,,1,,,,,
1283,21.38,,,1,,,,,
1284,21.4,,,1,,,,,
1285,21.42,,,1,,,,,
1286,21.43,,,1,,,,,
1287,21.45,,,1,,,,,
1288,21.47,,,1,,,,,
1289,21.48,,,1,,,,,
1290,21.5,,,1,,,,,
1291,21.52,,,1,,,,,
1292,21.53,,,1,,,,,
1293,21.55,,,1,,,,,
1294,21.57,,,1,,,,,
1295,21.58,,,1,,,,,
1296,21.6,,,1,,,,,
1297,21.62,,,1,,,,,
1298,21.63,,,1,,,,,
1299,21.65,,,1,,,,,
1300,21.67,1,,1,,1,,,
1301,21.68,1,,1,,1,,,
1302,21.7,1,,1,,1,,,
1303,21.72,1,,1,,1,,,
1304,21.73,1,,1,,,,,
1305,21.75,1,,1,,,,,
1306,21.77,1,,1,,,,,
1307,21.78,1,,1,,,,,
1308,21.8,1,,1,,,,,
1309,21.82,1,,1,,,,,
1310,21.83,1,,1,,,,,
1311,21.85,1,,1,,,,,
1312,21.87,1,,1,,,,,
1313,21.88,1,,1,,,,,
1314,21.9,1,,,,,,,
1315,21.92,1,,,,,,,
1319,21.98,,,1,,,,,
1320,22.0,,,1,,,,,
1321,22.02,,,1,,,,,
1322,22.03,,,1,,,,,
1323,22.05,1,,1,,,,,
1324,22.07,1,,1,,,,,
1325,22.08,1,,1,,,,,
1326,22.1,,,1,,,,,
1327,22.12,,,1,,,,,
1328,22.13,1,,,,,,,
1329,22.15,1,,,,1,,,
1330,22.17,1,,,,1,,,
1331,22.18,,,1,,,,,
1332,22.2,,,1,,,,,
1333,22.22,,,1,,,,,
1334,22.23,,,1,,,,,
1335,22.25,,,1,,,,,
1336,22.27,,,1,,,,,
1337,22.28,,,1,,,,,
1338,22.3,1,,,,,,,
1339,22.32,1,,,,,,,
1340,22.33,1,,,,,,,
1341,22.35,1,,,,,,,
1342,22.37,1,,,,,,,
1350,22.5,1,,,,,,,
1351,22.52,1,,,,,,,
1352,22.53,1,,,,1,,,
1353,22.55,1,,,,1,,,
1354,22.57,1,,,,1,,,
1355,22.58,1,,,,1,,,
1356,22.6,1,,,,1,,,
1358,22.63,1,,,,,,,
1359,22.65,1,,,,,,,
1360,22.67,1,,,,,,,
1361,22.68,1,,,,,,,
1362,22.7,1,,,,,,,
1363,22.72,1,,,,,,,
1364,22.73,1,,,,,,,
1365,22.75,1,,,,,,,
1366,22.77,1,,,,,,,
1367,22.78,1,,,,,,,
1368,22.8,1,,,,,,,
1371,22.85,1,,,,,,,
1372,22.87,1,,,,,,,
1373,22.88,1,,,,,,,
1374,22.9,1,,,,,,,
1375,22.92,1,,,,,,,
1376,22.93,1,,,,,,,
1377,22.95,1,,,,,,,
1378,22.97,1,,,,,,,
1379,22.98,1,,,,,,,
1380,23.0,1,,1,,,,,
1381,23.02,1,,,,,,,
1382,23.03,1,,,,,,,
1383,23.05,1,,1,,,,,
1384,23.07,1,,1,,,,,
1385,23.08,1,,1,,,,,
1386,23.1,1,,,,,,,
1387,23.12,1,,,,,,,
1395,23.25,1,,,,,,,
1396,23.27,1,,,,,,,
1397,23.28,1,,,,,,,
1398,23.3,,,1,,,,,
1399,23.32,,,1,,,,,
1400,23.33,1,,1,,,,,
1401,23.35,1,,1,,,,,
1402,23.37,1,,1,,,,,
1403,23.38,1,,,,,,,
1404,23.4,1,,,,,,,
1405,23.42,1,,,,,,,
1406,23.43,1,,,,,,,
1407,23.45,1,,,,,,,
1408,23.47,1,,,,,,,
1409,23.48,1,,,,,,,
1410,23.5,1,,,,,,,
1411,23.52,1,,,,,,,
1412,23.53,1,,,,,,,
1413,23.55,1,,,,,,,
1414,23.57,1,,,,,,,
1415,23.58,1,,,,,,,
1416,23.6,1,,,,,,,
1417,23.62,1,,,,,,,
1418,23.63,1,,,,,,,
1419,23.65,1,,,,,,,
1420,23.67,1,,,,,,,
